Method,Runtime_sec
Full SSA,0.8283098697662353
Full PRA,0.8870412349700928
Hybrid SSA,0.021750164031982423
Hybrid PRA,0.021433925628662108
