Algorithm,Average_Time_sec
Brute-Force,0.045802640914916995
Approximate,0.006317806243896484
