Algorithm,Average_Time_sec
Brute-Force,0.06092061996459961
Approximate,0.0020371437072753905
